{"cameraMode":{"drawMode":0,"name":"Shaded","section":"Shading Mode"},"sceneLighting":true,"audioPlay":false,"sceneViewState":{"m_AlwaysRefresh":false,"showFog":true,"showSkybox":true,"showFlares":true,"showImageEffects":true,"showParticleSystems":true,"showVisualEffectGraphs":true,"m_FxEnabled":true},"in2DMode":false,"pivot":{"x":-1.188690185546875,"y":-0.3081965446472168,"z":-0.34725940227508547},"rotation":{"x":-0.27197811007499697,"y":0.49390190839767458,"z":-0.1660383641719818,"w":-0.8090255260467529},"size":0.8991453647613525,"orthographic":false}